﻿[
  {
    "Supplier": "sup1",
    "SCID": "Mahi",
    "contractid": "333",
    "ApplicationGroup": "Procure2Pay",
    "CrESTlevel1Service": "Grow Engineering",
    "CrESTlevel2Service": "Agile Development",
    "CrESTlevel3Service": "",
    "AppGroupServicesFeeYr1": "$1317722.8",
    "AppGroupServicesFeeYr2": "$1002708",
    "AppGroupServicesFeeYr3": "$931,040.00",
    "AppGroupServicesFeeYr4": "",
    "ValidationNotes": "",
    "Remarks": "This is T&M project. SLA not applicable"

  },
  {
    "Supplier": "sup1",
    "SCID": "Shiva",
    "contractid": "2150183",
    "ApplicationGroup": "Procure2Pay",
    "CrESTlevel1Service": "Grow Engineering",
    "CrESTlevel2Service": "Agile Development",
    "CrESTlevel3Service": "",
    "AppGroupServicesFeeYr1": "$1317722.8",
    "AppGroupServicesFeeYr2": "$1002708",
    "AppGroupServicesFeeYr3": "$931,040.00",
    "AppGroupServicesFeeYr4": "",
    "ValidationNotes": "",
    "Remarks": "This is T&M project. SLA not applicable"
  },
  {
    "Supplier": "sup1",
    "SCID": "Sreenu",
    "contractid": "222",
    "ApplicationGroup": "aa",
    "CrESTlevel1Service": "Grow Engineering",
    "CrESTlevel2Service": "Agile Development",
    "CrESTlevel3Service": "",
    "AppGroupServicesFeeYr1": "$1317722.8",
    "AppGroupServicesFeeYr2": "$1002708",
    "AppGroupServicesFeeYr3": "$931,040.00",
    "AppGroupServicesFeeYr4": "",
    "ValidationNotes": "",
    "Remarks": "This is T&M project. SLA not applicable"
  },
  {
    "Supplier": "sup1",
    "SCID": "Infy4",
    "contractid": "45",
    "ApplicationGroup": "ss",
    "CrESTlevel1Service": "Grow Engineering",
    "CrESTlevel2Service": "Agile Development",
    "CrESTlevel3Service": "",
    "AppGroupServicesFeeYr1": "$1317722.8",
    "AppGroupServicesFeeYr2": "$1002708",
    "AppGroupServicesFeeYr3": "$931,040.00",
    "AppGroupServicesFeeYr4": "",
    "ValidationNotes": "",
    "Remarks": "This is T&M project. SLA not applicable"
  },
  {
    "Supplier": "sup1",
    "SCID": "Infy5",
    "contractid": "4",
    "ApplicationGroup": "fd",
    "CrESTlevel1Service": "Grow Engineering",
    "CrESTlevel2Service": "Agile Development",
    "CrESTlevel3Service": "",
    "AppGroupServicesFeeYr1": "$1317722.8",
    "AppGroupServicesFeeYr2": "$1002708",
    "AppGroupServicesFeeYr3": "$931,040.00",
    "AppGroupServicesFeeYr4": "",
    "ValidationNotes": "",
    "Remarks": "This is T&M project. SLA not applicable"
  },
  {
    "Supplier": "sup1",
    "SCID": "Infy6",
    "contractid": "2334",
    "ApplicationGroup": "sdsd",
    "CrESTlevel1Service": "Grow Engineering",
    "CrESTlevel2Service": "Agile Development",
    "CrESTlevel3Service": "",
    "AppGroupServicesFeeYr1": "$1317722.8",
    "AppGroupServicesFeeYr2": "$1002708",
    "AppGroupServicesFeeYr3": "$931,040.00",
    "AppGroupServicesFeeYr4": "",
    "ValidationNotes": "",
    "Remarks": "This is T&M project. SLA not applicable"
  },
  {
    "Supplier": "sup1",
    "SCID": "Infy7",
    "contractid": "34",
    "ApplicationGroup": "dd",
    "CrESTlevel1Service": "Grow Engineering",
    "CrESTlevel2Service": "Agile Development",
    "CrESTlevel3Service": "",
    "AppGroupServicesFeeYr1": "$1317722.8",
    "AppGroupServicesFeeYr2": "$1002708",
    "AppGroupServicesFeeYr3": "$931,040.00",
    "AppGroupServicesFeeYr4": "",
    "ValidationNotes": "",
    "Remarks": "This is T&M project. SLA not applicable"
  },
  {
    "Supplier": "sup1",
    "SCID": "Infy8",
    "contractid": "67",
    "ApplicationGroup": "fhvnm",
    "CrESTlevel1Service": "Grow Engineering",
    "CrESTlevel2Service": "Agile Development",
    "CrESTlevel3Service": "",
    "AppGroupServicesFeeYr1": "$1317722.8",
    "AppGroupServicesFeeYr2": "$1002708",
    "AppGroupServicesFeeYr3": "$931,040.00",
    "AppGroupServicesFeeYr4": "",
    "ValidationNotes": "",
    "Remarks": "This is T&M project. SLA not applicable"
  },
  {
    "Supplier": "sup1",
    "SCID": "Infy9",
    "contractid": "2150183",
    "ApplicationGroup": "Procure2Pay",
    "CrESTlevel1Service": "Grow Engineering",
    "CrESTlevel2Service": "Agile Development",
    "CrESTlevel3Service": "",
    "AppGroupServicesFeeYr1": "$1317722.8",
    "AppGroupServicesFeeYr2": "$1002708",
    "AppGroupServicesFeeYr3": "$931,040.00",
    "AppGroupServicesFeeYr4": "",
    "ValidationNotes": "",
    "Remarks": "This is T&M project. SLA not applicable"
  },
  {
    "Supplier": "sup1",
    "SCID": "Infy10",
    "contractid": "2150183",
    "ApplicationGroup": "Procure2Pay",
    "CrESTlevel1Service": "Grow Engineering",
    "CrESTlevel2Service": "Agile Development",
    "CrESTlevel3Service": "",
    "AppGroupServicesFeeYr1": "$1317722.8",
    "AppGroupServicesFeeYr2": "$1002708",
    "AppGroupServicesFeeYr3": "$931,040.00",
    "AppGroupServicesFeeYr4": "",
    "ValidationNotes": "",
    "Remarks": "This is T&M project. SLA not applicable"
  }
]

 
